MAE,RMSE,R2,Params,MemoryMB,TimeSec
0.7867252826690674,1.1723975987239625,0.5516812205314636,7585,0.028934478759765625,1.5671281814575195
