MAE,RMSE,R2,Params,MemoryMB,TimeSec
0.6820778846740723,0.9752540061886001,0.6897780299186707,25092,0.0957183837890625,1.3672370910644531
