MAE,RMSE,R2,Params,MemoryMB,TimeSec
0.7453343272209167,1.0696549449249475,0.6268147230148315,16641,0.06348037719726562,1.8614835739135742
