MAE,RMSE,R2,Params,MemoryMB,TimeSec
0.7706748247146606,1.159283499178782,0.5616546869277954,46497,0.17737197875976562,0.9645595550537109
