{
  "experiment": "exp2_scibert_finetune",
  "target": "band_gap",
  "n_train": 383,
  "n_val": 54,
  "n_test": 56,
  "n_params_total": 110115585,
  "n_params_trainable": 14963457,
  "freeze_bert": false,
  "training_time_s": 43.4,
  "best_val_mae": 0.63,
  "test": {
    "mae": 0.671669065952301,
    "rmse": 1.0012698455634443,
    "r2": 0.6026959419250488
  }
}