{
  "experiment": "exp2_scibert_finetune",
  "target": "band_gap",
  "n_train": 383,
  "n_val": 54,
  "n_test": 56,
  "n_params_total": 110115585,
  "n_params_trainable": 14963457,
  "freeze_bert": false,
  "training_time_s": 54.9,
  "best_val_mae": 0.6145,
  "test": {
    "mae": 0.6573866605758667,
    "rmse": 0.996943989820906,
    "r2": 0.6061215400695801
  }
}