{
  "experiment": "exp1_cgcnn",
  "target": "band_gap",
  "n_train": 468,
  "n_val": 63,
  "n_test": 61,
  "n_params": 80193,
  "training_time_s": 7.2,
  "best_val_mae": 0.5988,
  "test": {
    "mae": 0.6540617346763611,
    "rmse": 0.9682882808364177,
    "r2": 0.6199166774749756
  }
}