{
  "experiment": "exp1_cgcnn",
  "target": "band_gap",
  "n_train": 468,
  "n_val": 63,
  "n_test": 61,
  "n_params": 80193,
  "training_time_s": 7.9,
  "best_val_mae": 0.5885,
  "test": {
    "mae": 0.6662672758102417,
    "rmse": 0.9524506544111813,
    "r2": 0.6322484612464905
  }
}