{
  "experiment": "exp2_scibert_finetune",
  "target": "band_gap",
  "n_train": 383,
  "n_val": 54,
  "n_test": 56,
  "n_params_total": 110115585,
  "n_params_trainable": 14963457,
  "freeze_bert": false,
  "training_time_s": 47.1,
  "best_val_mae": 0.6232,
  "test": {
    "mae": 0.6509571075439453,
    "rmse": 0.9688306282699553,
    "r2": 0.6280226707458496
  }
}