{
  "experiment": "exp1_cgcnn",
  "target": "band_gap",
  "n_train": 468,
  "n_val": 63,
  "n_test": 61,
  "n_params": 80193,
  "training_time_s": 7.8,
  "best_val_mae": 0.5837,
  "test": {
    "mae": 0.6194633841514587,
    "rmse": 0.9218720581524995,
    "r2": 0.6554828882217407
  }
}