{
  "experiment": "exp2_scibert_finetune",
  "target": "band_gap",
  "n_train": 383,
  "n_val": 54,
  "n_test": 56,
  "n_params_total": 110115585,
  "n_params_trainable": 14963457,
  "freeze_bert": false,
  "training_time_s": 40.5,
  "best_val_mae": 0.6293,
  "test": {
    "mae": 0.696609377861023,
    "rmse": 1.0112773271034694,
    "r2": 0.594714343547821
  }
}