{
  "experiment": "exp2_scibert_finetune",
  "target": "band_gap",
  "n_train": 383,
  "n_val": 54,
  "n_test": 56,
  "n_params_total": 110115585,
  "n_params_trainable": 14963457,
  "freeze_bert": false,
  "training_time_s": 40.7,
  "best_val_mae": 0.5941,
  "test": {
    "mae": 0.7089982628822327,
    "rmse": 1.0184097260032454,
    "r2": 0.5889773368835449
  }
}