{
  "experiment": "exp1_cgcnn",
  "target": "band_gap",
  "n_train": 468,
  "n_val": 63,
  "n_test": 61,
  "n_params": 80193,
  "training_time_s": 6.5,
  "best_val_mae": 0.6007,
  "test": {
    "mae": 0.6698416471481323,
    "rmse": 0.8897858062446351,
    "r2": 0.679047703742981
  }
}